user1,FAILED
user2,FAILED
user3,FAILED
user4,FAILED
user5,FAILED
user6,FAILED
user7,FAILED
user8,FAILED
user9,FAILED
user10,FAILED
user11,FAILED
user12,FAILED
user13,FAILED
user14,FAILED
user15,FAILED
user16,FAILED
user17,FAILED
user18,FAILED
user19,FAILED
user20,FAILED
user21,FAILED
user22,FAILED
user23,FAILED
user24,FAILED
user25,FAILED
user26,FAILED
user27,FAILED
user28,FAILED
user29,FAILED
user30,FAILED
user31,FAILED
user32,FAILED
user33,FAILED
user34,FAILED
user35,FAILED
user36,FAILED
user37,FAILED
user38,FAILED
user39,FAILED
user40,FAILED
user41,FAILED
user42,FAILED
user43,FAILED
user44,FAILED
user45,FAILED
user46,FAILED
user47,FAILED
user48,FAILED
user49,FAILED
user50,FAILED
user51,FAILED
user52,FAILED
user53,FAILED
user54,FAILED
user55,FAILED
user56,FAILED
user57,FAILED
user58,FAILED
user59,FAILED
user60,FAILED
user61,FAILED
user62,FAILED
user63,FAILED
user64,FAILED
user65,FAILED
user66,FAILED
user67,FAILED
user68,FAILED
user69,FAILED
user70,FAILED
user71,FAILED
user72,FAILED
user73,FAILED
user74,FAILED
user75,FAILED
user76,FAILED
user77,FAILED
user78,FAILED
user79,FAILED
user80,FAILED
user81,FAILED
user82,FAILED
user83,FAILED
user84,FAILED
user85,FAILED
user86,FAILED
user87,FAILED
user88,FAILED
user89,FAILED
user90,FAILED
user91,FAILED
user92,FAILED
user93,FAILED
user94,FAILED
user95,FAILED
user96,FAILED
user97,FAILED
user98,FAILED
user99,FAILED
user100,FAILED
TOTALTIME,3508
SUCCESSRATE,0.00%
